Airline,Flight,AirportFrom,AirportTo,DayOfWeek,Time,Length,Delay
b'CO',269.0,b'SFO',b'IAH',b'3',15.0,205.0,b'1'
b'US',1558.0,b'PHX',b'CLT',b'3',15.0,222.0,b'1'
b'AA',2400.0,b'LAX',b'DFW',b'3',20.0,165.0,b'1'
b'AA',2466.0,b'SFO',b'DFW',b'3',20.0,195.0,b'1'
b'AS',108.0,b'ANC',b'SEA',b'3',30.0,202.0,b'0'
b'CO',1094.0,b'LAX',b'IAH',b'3',30.0,181.0,b'1'
b'DL',1768.0,b'LAX',b'MSP',b'3',30.0,220.0,b'0'
b'DL',2722.0,b'PHX',b'DTW',b'3',30.0,228.0,b'0'
b'DL',2606.0,b'SFO',b'MSP',b'3',35.0,216.0,b'1'
b'AA',2538.0,b'LAS',b'ORD',b'3',40.0,200.0,b'1'
b'CO',223.0,b'ANC',b'SEA',b'3',49.0,201.0,b'1'
b'DL',1646.0,b'PHX',b'ATL',b'3',50.0,212.0,b'1'
b'DL',2055.0,b'SLC',b'ATL',b'3',50.0,210.0,b'0'
b'AA',2408.0,b'LAX',b'DFW',b'3',55.0,170.0,b'0'
b'AS',132.0,b'ANC',b'PDX',b'3',55.0,215.0,b'0'
b'US',498.0,b'DEN',b'CLT',b'3',55.0,179.0,b'0'
b'B6',98.0,b'DEN',b'JFK',b'3',59.0,213.0,b'0'
b'CO',1496.0,b'LAS',b'IAH',b'3',60.0,162.0,b'0'
b'DL',1450.0,b'LAS',b'MSP',b'3',60.0,181.0,b'0'
b'CO',507.0,b'ONT',b'IAH',b'3',75.0,167.0,b'0'
b'AS',128.0,b'FAI',b'SEA',b'3',80.0,206.0,b'0'
b'DL',2223.0,b'ANC',b'SLC',b'3',85.0,270.0,b'0'
b'AS',112.0,b'ANC',b'SEA',b'3',90.0,200.0,b'0'
b'HA',17.0,b'LAS',b'HNL',b'3',100.0,380.0,b'1'
b'US',122.0,b'ANC',b'PHX',b'3',113.0,327.0,b'1'
b'AS',114.0,b'ANC',b'SEA',b'3',150.0,200.0,b'0'
b'B6',766.0,b'BQN',b'MCO',b'3',240.0,169.0,b'0'
b'B6',768.0,b'PSE',b'MCO',b'3',262.0,180.0,b'0'
b'HA',206.0,b'HNL',b'OGG',b'3',300.0,36.0,b'1'
b'OO',4746.0,b'BIS',b'MSP',b'3',300.0,85.0,b'0'
b'OO',6466.0,b'IYK',b'LAX',b'3',300.0,53.0,b'0'
b'US',1011.0,b'EWR',b'CLT',b'3',300.0,111.0,b'0'
b'US',1983.0,b'BOS',b'CLT',b'3',300.0,135.0,b'0'
b'HA',108.0,b'HNL',b'KOA',b'3',302.0,41.0,b'0'
b'OO',6900.0,b'MKE',b'ORD',b'3',302.0,44.0,b'0'
b'9E',3975.0,b'GFK',b'MSP',b'3',305.0,68.0,b'0'
b'HA',102.0,b'HNL',b'ITO',b'3',305.0,49.0,b'0'
b'OO',4829.0,b'OMA',b'MSP',b'3',305.0,75.0,b'0'
b'OH',6338.0,b'GSO',b'ATL',b'3',315.0,93.0,b'1'
b'OO',6505.0,b'LMT',b'SFO',b'3',315.0,95.0,b'0'
b'US',149.0,b'SEA',b'PHX',b'3',315.0,166.0,b'1'
b'US',1640.0,b'MCO',b'CLT',b'3',315.0,97.0,b'0'
b'US',908.0,b'TPA',b'CLT',b'3',315.0,96.0,b'0'
b'HA',106.0,b'HNL',b'OGG',b'3',317.0,36.0,b'0'
b'9E',3854.0,b'DLH',b'MSP',b'3',320.0,58.0,b'1'
b'DL',1276.0,b'MSP',b'ATL',b'3',320.0,158.0,b'0'
b'OO',4651.0,b'FAR',b'MSP',b'3',320.0,62.0,b'1'
b'CO',1585.0,b'MFE',b'IAH',b'3',325.0,64.0,b'0'
b'CO',222.0,b'MSY',b'IAH',b'3',325.0,70.0,b'0'
b'EV',4966.0,b'VPS',b'ATL',b'3',325.0,69.0,b'0'
b'US',1521.0,b'BWI',b'CLT',b'3',325.0,83.0,b'0'
b'XE',2827.0,b'MAF',b'IAH',b'3',325.0,85.0,b'0'
b'OO',4719.0,b'LWS',b'SLC',b'3',328.0,87.0,b'1'
b'9E',3702.0,b'RST',b'MSP',b'3',330.0,50.0,b'0'
b'9E',3775.0,b'ALB',b'DTW',b'3',330.0,120.0,b'1'
b'9E',3886.0,b'DSM',b'ATL',b'3',330.0,135.0,b'1'
b'AA',1711.0,b'BOS',b'MIA',b'3',330.0,210.0,b'0'
b'CO',611.0,b'EWR',b'IAH',b'3',330.0,233.0,b'0'
b'DL',1143.0,b'CHS',b'ATL',b'3',330.0,72.0,b'0'
b'DL',1511.0,b'MSN',b'DTW',b'3',330.0,80.0,b'0'
b'DL',1518.0,b'MCO',b'ATL',b'3',330.0,84.0,b'0'
b'DL',1698.0,b'JAX',b'ATL',b'3',330.0,80.0,b'0'
b'DL',1842.0,b'SAT',b'ATL',b'3',330.0,142.0,b'0'
b'DL',1972.0,b'TPA',b'ATL',b'3',330.0,85.0,b'0'
b'DL',2054.0,b'PNS',b'ATL',b'3',330.0,75.0,b'0'
b'DL',2112.0,b'BHM',b'ATL',b'3',330.0,58.0,b'0'
b'DL',2306.0,b'LIT',b'ATL',b'3',330.0,97.0,b'0'
b'DL',2711.0,b'SAV',b'ATL',b'3',330.0,65.0,b'0'
b'DL',2995.0,b'BNA',b'ATL',b'3',330.0,67.0,b'0'
b'EV',4940.0,b'OMA',b'ATL',b'3',330.0,147.0,b'0'
b'EV',5014.0,b'ICT',b'ATL',b'3',330.0,132.0,b'0'
b'EV',5044.0,b'ECP',b'ATL',b'3',330.0,68.0,b'0'
b'EV',5117.0,b'DHN',b'ATL',b'3',330.0,70.0,b'0'
b'EV',5393.0,b'MGM',b'ATL',b'3',330.0,57.0,b'0'
b'EV',5532.0,b'CAE',b'ATL',b'3',330.0,64.0,b'1'
b'EV',7108.0,b'PWM',b'IAD',b'3',330.0,114.0,b'0'
b'OO',6917.0,b'ACV',b'SMF',b'3',330.0,65.0,b'0'
b'OO',7781.0,b'EKO',b'SLC',b'3',330.0,70.0,b'0'
b'US',1289.0,b'BOS',b'PHL',b'3',330.0,84.0,b'0'
b'US',1420.0,b'PHL',b'CLT',b'3',330.0,102.0,b'0'
b'US',1732.0,b'ATL',b'CLT',b'3',330.0,68.0,b'1'
b'US',347.0,b'PDX',b'PHX',b'3',330.0,148.0,b'0'
b'US',913.0,b'RIC',b'CLT',b'3',330.0,72.0,b'0'
b'XE',2263.0,b'BTR',b'IAH',b'3',330.0,72.0,b'1'
b'XE',3024.0,b'HRL',b'IAH',b'3',330.0,70.0,b'0'
b'YV',2605.0,b'MYR',b'CLT',b'3',330.0,62.0,b'0'
b'HA',103.0,b'HNL',b'LIH',b'3',331.0,35.0,b'0'
b'UA',576.0,b'SEA',b'DEN',b'3',331.0,159.0,b'0'
b'OO',6644.0,b'TUS',b'DEN',b'3',333.0,112.0,b'0'
b'YV',7294.0,b'SBN',b'ORD',b'3',334.0,46.0,b'0'
b'9E',3661.0,b'CAK',b'DTW',b'3',335.0,76.0,b'0'
b'9E',3725.0,b'TVC',b'DTW',b'3',335.0,75.0,b'0'
b'9E',3804.0,b'CLE',b'ATL',b'3',335.0,128.0,b'0'
b'AA',674.0,b'ORD',b'MIA',b'3',335.0,185.0,b'1'
b'B6',728.0,b'BQN',b'JFK',b'3',335.0,231.0,b'0'
b'CO',463.0,b'ORD',b'IAH',b'3',335.0,164.0,b'1'
b'OH',6423.0,b'DAY',b'DTW',b'3',335.0,75.0,b'0'
b'OO',6698.0,b'MFR',b'PDX',b'3',335.0,74.0,b'0'
b'XE',2865.0,b'MKE',b'IAH',b'3',335.0,174.0,b'0'
b'EV',7101.0,b'BTV',b'IAD',b'3',336.0,110.0,b'0'
b'9E',3998.0,b'TLH',b'ATL',b'3',338.0,68.0,b'0'
b'9E',4196.0,b'TYS',b'ATL',b'3',340.0,57.0,b'0'
b'CO',214.0,b'DFW',b'IAH',b'3',340.0,59.0,b'1'
b'DL',2123.0,b'BOS',b'DTW',b'3',340.0,144.0,b'0'
b'DL',2597.0,b'RIC',b'ATL',b'3',340.0,109.0,b'0'
b'DL',2626.0,b'FLL',b'ATL',b'3',340.0,118.0,b'0'
b'DL',684.0,b'AUS',b'ATL',b'3',340.0,134.0,b'0'
b'EV',5583.0,b'CHA',b'ATL',b'3',340.0,47.0,b'0'
b'MQ',4563.0,b'CMH',b'LGA',b'3',340.0,100.0,b'0'
b'XE',2616.0,b'LRD',b'IAH',b'3',340.0,66.0,b'1'
b'XE',3006.0,b'BRO',b'IAH',b'3',340.0,70.0,b'0'
b'XE',3015.0,b'CRP',b'IAH',b'3',340.0,59.0,b'1'
b'XE',5970.0,b'LAN',b'ORD',b'3',340.0,71.0,b'0'
b'9E',3659.0,b'ALB',b'ATL',b'3',345.0,183.0,b'0'
b'9E',3862.0,b'SAT',b'MEM',b'3',345.0,119.0,b'1'
b'9E',3949.0,b'PVD',b'DTW',b'3',345.0,135.0,b'1'
b'9E',4143.0,b'FWA',b'DTW',b'3',345.0,59.0,b'0'
b'AA',1141.0,b'JFK',b'MIA',b'3',345.0,190.0,b'0'
b'AA',1297.0,b'DFW',b'MIA',b'3',345.0,160.0,b'0'
b'AA',2320.0,b'DFW',b'ORD',b'3',345.0,140.0,b'0'
b'CO',1677.0,b'PHL',b'IAH',b'3',345.0,219.0,b'0'
b'CO',1727.0,b'BWI',b'IAH',b'3',345.0,208.0,b'0'
b'CO',240.0,b'AUS',b'IAH',b'3',345.0,55.0,b'0'
b'CO',278.0,b'SAT',b'IAH',b'3',345.0,54.0,b'0'
b'CO',633.0,b'LGA',b'IAH',b'3',345.0,235.0,b'0'
b'DL',1095.0,b'OKC',b'ATL',b'3',345.0,127.0,b'0'
b'DL',1112.0,b'PIT',b'ATL',b'3',345.0,131.0,b'1'
b'DL',1506.0,b'LAX',b'DTW',b'3',345.0,270.0,b'0'
b'DL',1580.0,b'SFO',b'DTW',b'3',345.0,270.0,b'0'
b'DL',2320.0,b'PBI',b'ATL',b'3',345.0,113.0,b'0'
b'DL',2481.0,b'ORF',b'ATL',b'3',345.0,120.0,b'0'
b'DL',2710.0,b'DFW',b'ATL',b'3',345.0,132.0,b'0'
b'DL',2939.0,b'DCA',b'ATL',b'3',345.0,120.0,b'1'
b'EV',5142.0,b'AEX',b'ATL',b'3',345.0,119.0,b'0'
b'EV',5218.0,b'SYR',b'ATL',b'3',345.0,158.0,b'0'
b'EV',5233.0,b'BTR',b'ATL',b'3',345.0,97.0,b'0'
b'EV',5362.0,b'SHV',b'ATL',b'3',345.0,123.0,b'1'
b'EV',5501.0,b'VLD',b'ATL',b'3',345.0,62.0,b'0'
b'OH',6264.0,b'BDL',b'CVG',b'3',345.0,133.0,b'0'
b'OH',6549.0,b'MFE',b'MEM',b'3',345.0,118.0,b'0'
b'OO',6407.0,b'FAT',b'SFO',b'3',345.0,45.0,b'0'
b'OO',6647.0,b'BZN',b'DEN',b'3',345.0,107.0,b'0'
b'OO',6925.0,b'PHX',b'LAX',b'3',345.0,85.0,b'0'
b'OO',6964.0,b'RDM',b'PDX',b'3',345.0,58.0,b'0'
b'US',1423.0,b'DCA',b'CLT',b'3',345.0,85.0,b'0'
b'XE',2919.0,b'LFT',b'IAH',b'3',345.0,58.0,b'0'
b'XE',5951.0,b'CAK',b'ORD',b'3',345.0,95.0,b'0'
b'OO',6480.0,b'IPL',b'YUM',b'3',346.0,34.0,b'0'
b'OO',6843.0,b'EAU',b'CWA',b'3',346.0,32.0,b'0'
b'UA',756.0,b'SFO',b'DEN',b'3',348.0,158.0,b'0'
b'OO',3099.0,b'OMA',b'MKE',b'3',349.0,81.0,b'1'
b'9E',3718.0,b'ERI',b'DTW',b'3',350.0,65.0,b'1'
b'B6',107.0,b'BUF',b'JFK',b'3',350.0,83.0,b'0'
b'DL',1248.0,b'IAH',b'ATL',b'3',350.0,130.0,b'1'
b'DL',1985.0,b'DAY',b'ATL',b'3',350.0,114.0,b'0'
b'DL',2387.0,b'MKE',b'ATL',b'3',350.0,129.0,b'1'
b'DL',2405.0,b'PHL',b'DTW',b'3',350.0,115.0,b'0'
b'DL',734.0,b'MCI',b'ATL',b'3',350.0,129.0,b'0'
b'EV',5165.0,b'AGS',b'ATL',b'3',350.0,60.0,b'0'
b'FL',331.0,b'PHL',b'ATL',b'3',350.0,145.0,b'0'
b'MQ',2734.0,b'ABI',b'DFW',b'3',350.0,50.0,b'0'
b'MQ',2796.0,b'GRR',b'DFW',b'3',350.0,175.0,b'0'
b'MQ',3014.0,b'FAT',b'LAX',b'3',350.0,65.0,b'0'
b'MQ',3332.0,b'LBB',b'DFW',b'3',350.0,70.0,b'0'
b'MQ',3632.0,b'CLT',b'MIA',b'3',350.0,120.0,b'1'
b'MQ',3781.0,b'LIT',b'ORD',b'3',350.0,105.0,b'0'
b'MQ',3842.0,b'MSP',b'ORD',b'3',350.0,95.0,b'1'
b'MQ',3892.0,b'PHL',b'ORD',b'3',350.0,140.0,b'0'
b'MQ',4013.0,b'LEX',b'ORD',b'3',350.0,95.0,b'0'
b'OH',6498.0,b'ORD',b'ATL',b'3',350.0,128.0,b'1'
b'OH',6629.0,b'GRR',b'DTW',b'3',350.0,61.0,b'0'
b'9E',4391.0,b'MBS',b'DTW',b'3',351.0,59.0,b'0'
b'HA',218.0,b'HNL',b'KOA',b'3',352.0,41.0,b'0'
b'OO',6921.0,b'MOD',b'SFO',b'3',352.0,38.0,b'0'
b'9E',3935.0,b'EWR',b'DTW',b'3',355.0,130.0,b'1'
b'9E',3955.0,b'LBB',b'MEM',b'3',355.0,119.0,b'0'
b'9E',4200.0,b'TYS',b'CVG',b'3',355.0,64.0,b'0'
b'9E',4274.0,b'AMA',b'MEM',b'3',355.0,120.0,b'0'
b'B6',735.0,b'JFK',b'BQN',b'3',355.0,215.0,b'0'
b'DL',377.0,b'BDL',b'DTW',b'3',355.0,130.0,b'0'
b'HA',202.0,b'HNL',b'ITO',b'3',355.0,49.0,b'0'
b'MQ',2864.0,b'SGF',b'DFW',b'3',355.0,90.0,b'0'
b'OH',6262.0,b'OMA',b'DTW',b'3',355.0,137.0,b'1'
b'OH',6414.0,b'AZO',b'DTW',b'3',355.0,58.0,b'0'
b'OO',7014.0,b'RDM',b'SFO',b'3',355.0,101.0,b'0'
b'9E',3668.0,b'TYS',b'LGA',b'3',360.0,131.0,b'0'
b'9E',3724.0,b'ABE',b'DTW',b'3',360.0,115.0,b'0'
b'9E',3755.0,b'SWF',b'DTW',b'3',360.0,120.0,b'0'
b'9E',3757.0,b'BGM',b'DTW',b'3',360.0,103.0,b'0'
b'9E',3795.0,b'SBN',b'CVG',b'3',360.0,60.0,b'1'
b'9E',3845.0,b'AVP',b'DTW',b'3',360.0,105.0,b'0'
b'9E',3850.0,b'FNT',b'DTW',b'3',360.0,48.0,b'0'
b'9E',3871.0,b'BHM',b'DTW',b'3',360.0,125.0,b'0'
b'9E',3875.0,b'GSP',b'DTW',b'3',360.0,115.0,b'0'
b'9E',3893.0,b'FWA',b'ATL',b'3',360.0,115.0,b'0'
b'9E',3923.0,b'IAH',b'MEM',b'3',360.0,95.0,b'0'
b'9E',3957.0,b'ATW',b'MSP',b'3',360.0,76.0,b'1'
b'9E',3985.0,b'DSM',b'MEM',b'3',360.0,100.0,b'1'
b'9E',4008.0,b'BTV',b'JFK',b'3',360.0,100.0,b'0'
b'9E',4026.0,b'ORF',b'DTW',b'3',360.0,125.0,b'1'
b'9E',4058.0,b'LAN',b'DTW',b'3',360.0,50.0,b'0'
b'9E',4239.0,b'ITH',b'DTW',b'3',360.0,97.0,b'1'
b'9E',4272.0,b'ECP',b'MEM',b'3',360.0,90.0,b'0'
b'9E',4324.0,b'DCA',b'JFK',b'3',360.0,82.0,b'0'
b'AA',1056.0,b'TUL',b'DFW',b'3',360.0,70.0,b'0'
b'AA',1140.0,b'SAT',b'DFW',b'3',360.0,65.0,b'0'
b'AA',1143.0,b'TPA',b'DFW',b'3',360.0,170.0,b'0'
b'AA',1215.0,b'DCA',b'DFW',b'3',360.0,210.0,b'0'
b'AA',1225.0,b'COS',b'DFW',b'3',360.0,120.0,b'0'
b'AA',1406.0,b'OMA',b'DFW',b'3',360.0,125.0,b'0'
b'AA',1584.0,b'LAS',b'DFW',b'3',360.0,160.0,b'0'
b'AA',1596.0,b'PDX',b'DFW',b'3',360.0,225.0,b'0'
b'AA',1602.0,b'ELP',b'DFW',b'3',360.0,100.0,b'0'
b'AA',1615.0,b'BDL',b'DFW',b'3',360.0,260.0,b'0'
b'AA',1631.0,b'MSY',b'MIA',b'3',360.0,105.0,b'0'
b'AA',1670.0,b'AUS',b'ORD',b'3',360.0,165.0,b'0'
b'AA',1755.0,b'ABQ',b'DFW',b'3',360.0,105.0,b'0'
b'AA',1839.0,b'OKC',b'DFW',b'3',360.0,60.0,b'0'
b'AA',1843.0,b'BOS',b'ORD',b'3',360.0,175.0,b'0'
b'AA',1878.0,b'SMF',b'DFW',b'3',360.0,205.0,b'0'
b'AA',1921.0,b'EWR',b'MIA',b'3',360.0,185.0,b'0'
b'AA',1965.0,b'STL',b'DFW',b'3',360.0,115.0,b'0'
b'AA',1994.0,b'IAH',b'MIA',b'3',360.0,135.0,b'0'
b'AA',2037.0,b'BNA',b'MIA',b'3',360.0,135.0,b'1'
b'AA',2060.0,b'SEA',b'ORD',b'3',360.0,245.0,b'1'
b'AA',2103.0,b'IAD',b'MIA',b'3',360.0,160.0,b'0'
b'AA',2203.0,b'LGA',b'MIA',b'3',360.0,190.0,b'1'
b'AA',2299.0,b'DTW',b'MIA',b'3',360.0,190.0,b'0'
b'AA',2301.0,b'ORD',b'DFW',b'3',360.0,150.0,b'1'
b'AA',445.0,b'DCA',b'ORD',b'3',360.0,125.0,b'0'
b'AA',526.0,b'SFO',b'DFW',b'3',360.0,215.0,b'0'
b'AA',528.0,b'LAX',b'MIA',b'3',360.0,280.0,b'1'
b'AA',548.0,b'LAX',b'ORD',b'3',360.0,240.0,b'0'
b'AA',552.0,b'SFO',b'MIA',b'3',360.0,315.0,b'1'
b'AA',654.0,b'PHX',b'DFW',b'3',360.0,130.0,b'0'
b'AA',708.0,b'AUS',b'DFW',b'3',360.0,60.0,b'0'
b'AS',454.0,b'SEA',b'LAX',b'3',360.0,150.0,b'0'
b'AS',55.0,b'ANC',b'FAI',b'3',360.0,58.0,b'0'
b'AS',600.0,b'SEA',b'LAS',b'3',360.0,143.0,b'0'
b'AS',62.0,b'FAI',b'ANC',b'3',360.0,70.0,b'0'
b'AS',81.0,b'SEA',b'ANC',b'3',360.0,219.0,b'0'
b'B6',1001.0,b'BOS',b'JFK',b'3',360.0,71.0,b'1'
b'B6',1133.0,b'SYR',b'JFK',b'3',360.0,85.0,b'0'
b'B6',1224.0,b'RDU',b'BOS',b'3',360.0,101.0,b'1'
b'B6',155.0,b'JFK',b'MCO',b'3',360.0,168.0,b'0'
b'B6',162.0,b'RSW',b'JFK',b'3',360.0,156.0,b'0'
b'B6',1695.0,b'BOS',b'MCO',b'3',360.0,192.0,b'0'
b'B6',19.0,b'BTV',b'JFK',b'3',360.0,84.0,b'0'
b'B6',247.0,b'OAK',b'LGB',b'3',360.0,77.0,b'0'
b'B6',370.0,b'FLL',b'LGA',b'3',360.0,159.0,b'1'
b'B6',371.0,b'LGA',b'FLL',b'3',360.0,174.0,b'0'
b'B6',442.0,b'TPA',b'BOS',b'3',360.0,167.0,b'0'
b'B6',45.0,b'ROC',b'JFK',b'3',360.0,83.0,b'0'
b'B6',52.0,b'MCO',b'JFK',b'3',360.0,141.0,b'0'
b'B6',68.0,b'FLL',b'JFK',b'3',360.0,160.0,b'1'
b'B6',701.0,b'JFK',b'SJU',b'3',360.0,218.0,b'0'
b'CO',1045.0,b'CLE',b'IAH',b'3',360.0,190.0,b'0'
b'CO',1428.0,b'CLT',b'IAH',b'3',360.0,180.0,b'0'
b'CO',1617.0,b'MCI',b'IAH',b'3',360.0,118.0,b'1'
b'CO',1810.0,b'SMF',b'IAH',b'3',360.0,220.0,b'0'
b'CO',1815.0,b'OMA',b'IAH',b'3',360.0,138.0,b'1'
b'CO',308.0,b'PDX',b'IAH',b'3',360.0,238.0,b'0'
b'CO',469.0,b'SFO',b'IAH',b'3',360.0,225.0,b'1'
b'CO',759.0,b'DCA',b'IAH',b'3',360.0,206.0,b'0'
b'CO',89.0,b'IAH',b'EWR',b'3',360.0,200.0,b'0'
b'DL',1084.0,b'ANC',b'MSP',b'3',360.0,326.0,b'0'
b'DL',1106.0,b'SEA',b'SLC',b'3',360.0,120.0,b'0'
b'DL',1157.0,b'CMH',b'ATL',b'3',360.0,110.0,b'0'
b'DL',1181.0,b'RSW',b'ATL',b'3',360.0,110.0,b'0'
b'DL',1249.0,b'PWM',b'ATL',b'3',360.0,192.0,b'0'
b'DL',1297.0,b'JFK',b'ATL',b'3',360.0,168.0,b'0'
b'DL',1301.0,b'IND',b'ATL',b'3',360.0,105.0,b'0'
b'DL',1371.0,b'BOS',b'LGA',b'3',360.0,68.0,b'0'
b'DL',1401.0,b'BOS',b'ATL',b'3',360.0,190.0,b'0'
b'DL',1445.0,b'DCA',b'DTW',b'3',360.0,102.0,b'0'
b'DL',1447.0,b'LGA',b'ATL',b'3',360.0,167.0,b'0'
b'DL',1504.0,b'MCI',b'DTW',b'3',360.0,118.0,b'0'
b'DL',1602.0,b'LAS',b'ATL',b'3',360.0,223.0,b'0'
b'DL',1625.0,b'BWI',b'ATL',b'3',360.0,120.0,b'0'
b'DL',1767.0,b'CLT',b'DTW',b'3',360.0,115.0,b'0'
b'DL',1831.0,b'PDX',b'SLC',b'3',360.0,107.0,b'1'
b'DL',1889.0,b'CVG',b'ATL',b'3',360.0,103.0,b'0'
b'DL',1949.0,b'RDU',b'ATL',b'3',360.0,87.0,b'0'
b'DL',2205.0,b'MDW',b'ATL',b'3',360.0,120.0,b'0'
b'DL',2280.0,b'STL',b'ATL',b'3',360.0,110.0,b'1'
b'DL',2437.0,b'CLT',b'ATL',b'3',360.0,82.0,b'1'
b'DL',2480.0,b'SEA',b'DTW',b'3',360.0,253.0,b'0'
b'DL',2525.0,b'BOS',b'MSP',b'3',360.0,210.0,b'1'
b'DL',2530.0,b'BZN',b'MSP',b'3',360.0,138.0,b'0'
b'DL',2581.0,b'SDF',b'ATL',b'3',360.0,84.0,b'0'
b'DL',2806.0,b'SFO',b'MSP',b'3',360.0,222.0,b'0'
b'DL',2816.0,b'LAS',b'DTW',b'3',360.0,233.0,b'0'
b'DL',725.0,b'SFO',b'SLC',b'3',360.0,113.0,b'0'
b'EV',4942.0,b'JAX',b'DCA',b'3',360.0,112.0,b'0'
b'EV',4946.0,b'ABY',b'ATL',b'3',360.0,50.0,b'0'
b'EV',4979.0,b'TRI',b'ATL',b'3',360.0,67.0,b'0'
b'EV',4998.0,b'XNA',b'ATL',b'3',360.0,119.0,b'0'
b'EV',5011.0,b'ROA',b'DTW',b'3',360.0,98.0,b'0'
b'EV',5027.0,b'MLI',b'ATL',b'3',360.0,130.0,b'0'
b'EV',5079.0,b'LYH',b'ATL',b'3',360.0,85.0,b'0'
b'EV',5141.0,b'EVV',b'ATL',b'3',360.0,80.0,b'0'
b'EV',5169.0,b'HPN',b'ATL',b'3',360.0,151.0,b'0'
b'EV',5265.0,b'SYR',b'DTW',b'3',360.0,115.0,b'0'
b'EV',5275.0,b'FAY',b'ATL',b'3',360.0,86.0,b'0'
b'EV',5313.0,b'EWN',b'ATL',b'3',360.0,98.0,b'0'
b'EV',5316.0,b'CSG',b'ATL',b'3',360.0,44.0,b'0'
b'EV',5366.0,b'SGF',b'ATL',b'3',360.0,119.0,b'0'
b'EV',5374.0,b'CAK',b'ATL',b'3',360.0,109.0,b'1'
b'EV',5387.0,b'GPT',b'ATL',b'3',360.0,80.0,b'1'
b'EV',5435.0,b'MLU',b'ATL',b'3',360.0,98.0,b'1'
b'EV',5460.0,b'MOB',b'ATL',b'3',360.0,77.0,b'1'
b'EV',5479.0,b'LFT',b'ATL',b'3',360.0,120.0,b'0'
b'EV',5491.0,b'OAJ',b'ATL',b'3',360.0,98.0,b'0'
b'EV',5507.0,b'CHO',b'ATL',b'3',360.0,102.0,b'0'
b'EV',5564.0,b'ILM',b'ATL',b'3',360.0,88.0,b'1'
b'EV',5605.0,b'ROA',b'ATL',b'3',360.0,86.0,b'0'
b'EV',7070.0,b'ROA',b'ORD',b'3',360.0,116.0,b'0'
b'EV',7075.0,b'DTW',b'IAD',b'3',360.0,90.0,b'1'
b'EV',7086.0,b'DAY',b'IAD',b'3',360.0,90.0,b'0'
b'EV',7097.0,b'CMH',b'ORD',b'3',360.0,82.0,b'0'
b'EV',7100.0,b'CAE',b'ORD',b'3',360.0,128.0,b'1'
b'EV',7116.0,b'JFK',b'IAD',b'3',360.0,81.0,b'0'
b'EV',7323.0,b'BMI',b'ATL',b'3',360.0,115.0,b'0'
b'EV',7378.0,b'DEN',b'CVG',b'3',360.0,158.0,b'0'
b'F9',225.0,b'MDW',b'DEN',b'3',360.0,157.0,b'1'
b'F9',377.0,b'BOS',b'MKE',b'3',360.0,165.0,b'1'
b'FL',143.0,b'DTW',b'ATL',b'3',360.0,125.0,b'0'
b'FL',155.0,b'IND',b'BWI',b'3',360.0,105.0,b'0'
b'FL',183.0,b'DCA',b'ATL',b'3',360.0,123.0,b'0'
b'FL',200.0,b'CAK',b'ATL',b'3',360.0,120.0,b'0'
b'FL',254.0,b'FNT',b'ATL',b'3',360.0,134.0,b'0'
b'FL',281.0,b'BOS',b'ATL',b'3',360.0,180.0,b'0'
b'FL',359.0,b'LGA',b'ATL',b'3',360.0,161.0,b'0'
b'FL',429.0,b'PNS',b'ATL',b'3',360.0,69.0,b'0'
b'FL',557.0,b'BUF',b'ATL',b'3',360.0,135.0,b'0'
b'FL',630.0,b'DAY',b'BWI',b'3',360.0,93.0,b'0'
b'FL',726.0,b'DFW',b'MKE',b'3',360.0,135.0,b'0'
b'FL',738.0,b'MSP',b'MKE',b'3',360.0,70.0,b'0'
b'FL',84.0,b'FLL',b'ATL',b'3',360.0,113.0,b'0'
b'FL',901.0,b'PHF',b'ATL',b'3',360.0,123.0,b'0'
b'FL',912.0,b'MKE',b'BWI',b'3',360.0,120.0,b'1'
b'FL',942.0,b'ROC',b'BWI',b'3',360.0,83.0,b'0'
b'FL',967.0,b'ACY',b'ATL',b'3',360.0,135.0,b'1'
b'MQ',2731.0,b'CVG',b'DFW',b'3',360.0,165.0,b'0'
b'MQ',2750.0,b'JAN',b'DFW',b'3',360.0,100.0,b'1'
b'MQ',2963.0,b'CID',b'DFW',b'3',360.0,140.0,b'0'
b'MQ',3256.0,b'GRK',b'DFW',b'3',360.0,50.0,b'0'
b'MQ',3265.0,b'HOU',b'DFW',b'3',360.0,70.0,b'0'
b'MQ',3280.0,b'CRP',b'DFW',b'3',360.0,80.0,b'0'
b'MQ',3325.0,b'DSM',b'DFW',b'3',360.0,130.0,b'0'
b'MQ',3357.0,b'MOB',b'DFW',b'3',360.0,115.0,b'0'
b'MQ',3372.0,b'BTR',b'DFW',b'3',360.0,90.0,b'0'
b'MQ',3450.0,b'XNA',b'DFW',b'3',360.0,70.0,b'0'
b'MQ',3512.0,b'MKE',b'DFW',b'3',360.0,165.0,b'0'
b'MQ',3650.0,b'TYS',b'MIA',b'3',360.0,135.0,b'0'
b'MQ',3736.0,b'ORD',b'EWR',b'3',360.0,120.0,b'1'
b'MQ',3748.0,b'ORD',b'MSP',b'3',360.0,85.0,b'0'
b'MQ',3768.0,b'EWR',b'ORD',b'3',360.0,165.0,b'0'
b'MQ',3807.0,b'ORD',b'ATL',b'3',360.0,120.0,b'1'
b'MQ',3853.0,b'ATL',b'ORD',b'3',360.0,115.0,b'0'
b'MQ',3884.0,b'CLE',b'ORD',b'3',360.0,85.0,b'0'
b'MQ',3908.0,b'CRW',b'ORD',b'3',360.0,105.0,b'0'
b'MQ',3914.0,b'ICT',b'ORD',b'3',360.0,105.0,b'0'
b'MQ',3939.0,b'BNA',b'ORD',b'3',360.0,105.0,b'0'
b'MQ',4067.0,b'RIC',b'ORD',b'3',360.0,140.0,b'0'
b'MQ',4114.0,b'PIT',b'ORD',b'3',360.0,105.0,b'1'
b'MQ',4176.0,b'CMH',b'ORD',b'3',360.0,80.0,b'0'
b'MQ',4223.0,b'ROC',b'ORD',b'3',360.0,125.0,b'0'
b'MQ',4260.0,b'BWI',b'ORD',b'3',360.0,140.0,b'0'
b'MQ',4275.0,b'MSN',b'ORD',b'3',360.0,55.0,b'0'
b'MQ',4382.0,b'BOS',b'JFK',b'3',360.0,79.0,b'0'
b'MQ',4420.0,b'BOS',b'LGA',b'3',360.0,80.0,b'0'
b'MQ',4448.0,b'DCA',b'JFK',b'3',360.0,70.0,b'0'
b'MQ',4581.0,b'CLT',b'LGA',b'3',360.0,110.0,b'1'
b'MQ',4625.0,b'LGA',b'RDU',b'3',360.0,100.0,b'0'
b'MQ',4629.0,b'RDU',b'LGA',b'3',360.0,95.0,b'0'
b'MQ',4650.0,b'LGA',b'ATL',b'3',360.0,150.0,b'0'
b'MQ',4697.0,b'DTW',b'LGA',b'3',360.0,100.0,b'0'
b'OH',6341.0,b'RIC',b'DTW',b'3',360.0,125.0,b'0'
b'OH',6357.0,b'BDL',b'DCA',b'3',360.0,84.0,b'0'
b'OH',6379.0,b'BOS',b'JFK',b'3',360.0,88.0,b'0'
b'OH',6401.0,b'HTS',b'CVG',b'3',360.0,53.0,b'0'
b'OH',6560.0,b'ORD',b'JFK',b'3',360.0,133.0,b'0'
b'OH',6655.0,b'OMA',b'MEM',b'3',360.0,114.0,b'0'
b'OH',6668.0,b'CHS',b'LGA',b'3',360.0,118.0,b'0'
b'OO',4611.0,b'SAT',b'SLC',b'3',360.0,175.0,b'0'
b'OO',4662.0,b'ABQ',b'SLC',b'3',360.0,101.0,b'0'
b'OO',4676.0,b'BNA',b'MSP',b'3',360.0,144.0,b'0'
b'OO',4765.0,b'LAS',b'LAX',b'3',360.0,75.0,b'0'
b'OO',4802.0,b'DFW',b'SLC',b'3',360.0,168.0,b'1'
b'OO',4888.0,b'COS',b'MSP',b'3',360.0,135.0,b'1'
b'OO',6245.0,b'MFR',b'SFO',b'3',360.0,81.0,b'0'
b'OO',6285.0,b'MFR',b'DEN',b'3',360.0,155.0,b'1'
b'OO',6300.0,b'FAT',b'LAX',b'3',360.0,59.0,b'0'
b'OO',6330.0,b'ONT',b'SFO',b'3',360.0,85.0,b'0'
b'OO',6345.0,b'PSC',b'SFO',b'3',360.0,125.0,b'0'
b'OO',6359.0,b'BOI',b'SFO',b'3',360.0,112.0,b'1'
b'OO',6399.0,b'ORD',b'MCI',b'3',360.0,88.0,b'1'
b'OO',6405.0,b'PDX',b'SFO',b'3',360.0,105.0,b'0'
b'OO',6434.0,b'SBP',b'LAX',b'3',360.0,62.0,b'0'
b'OO',6471.0,b'ABQ',b'LAX',b'3',360.0,121.0,b'0'
b'OO',6506.0,b'ELP',b'LAX',b'3',360.0,137.0,b'0'
b'OO',6512.0,b'CLD',b'LAX',b'3',360.0,40.0,b'1'
b'OO',6586.0,b'PSP',b'DEN',b'3',360.0,131.0,b'0'
b'OO',6612.0,b'SLC',b'DEN',b'3',360.0,93.0,b'0'
b'OO',6682.0,b'SBA',b'DEN',b'3',360.0,142.0,b'0'
b'OO',6684.0,b'MEM',b'ORD',b'3',360.0,110.0,b'0'
b'OO',6732.0,b'MRY',b'DEN',b'3',360.0,146.0,b'0'
b'OO',6743.0,b'ATW',b'ORD',b'3',360.0,55.0,b'0'
b'OO',6766.0,b'GEG',b'SFO',b'3',360.0,136.0,b'1'
b'OO',6820.0,b'RDD',b'SFO',b'3',360.0,78.0,b'0'
b'OO',6836.0,b'PAH',b'ORD',b'3',360.0,78.0,b'1'
b'OO',6893.0,b'ACV',b'SFO',b'3',360.0,82.0,b'1'
b'OO',6918.0,b'CMX',b'ORD',b'3',360.0,82.0,b'0'
b'OO',6930.0,b'ORD',b'TYS',b'3',360.0,87.0,b'1'
b'OO',6936.0,b'SPI',b'ORD',b'3',360.0,60.0,b'0'
b'OO',6948.0,b'COS',b'ORD',b'3',360.0,146.0,b'0'
b'OO',6949.0,b'EUG',b'DEN',b'3',360.0,155.0,b'0'
b'OO',6975.0,b'DFW',b'ORD',b'3',360.0,139.0,b'0'
b'OO',6997.0,b'MKE',b'ORD',b'3',360.0,44.0,b'1'
b'OO',7006.0,b'EUG',b'PDX',b'3',360.0,41.0,b'0'
b'OO',7008.0,b'CIC',b'SFO',b'3',360.0,65.0,b'0'
b'OO',7049.0,b'SEA',b'PDX',b'3',360.0,48.0,b'0'
b'OO',7763.0,b'PIH',b'SLC',b'3',360.0,48.0,b'0'
b'OO',7768.0,b'SGU',b'SLC',b'3',360.0,73.0,b'1'
b'OO',7799.0,b'COD',b'SLC',b'3',360.0,89.0,b'0'
b'UA',189.0,b'BWI',b'ORD',b'3',360.0,135.0,b'0'
b'UA',18.0,b'LAX',b'DEN',b'3',360.0,146.0,b'0'
b'UA',201.0,b'BOS',b'IAD',b'3',360.0,103.0,b'0'
b'UA',203.0,b'BOS',b'ORD',b'3',360.0,171.0,b'0'
b'UA',226.0,b'SFO',b'BOS',b'3',360.0,342.0,b'0'
b'UA',234.0,b'OMA',b'ORD',b'3',360.0,96.0,b'1'
b'UA',257.0,b'JAX',b'ORD',b'3',360.0,156.0,b'0'
b'UA',303.0,b'JFK',b'SFO',b'3',360.0,404.0,b'0'
b'UA',32.0,b'PDX',b'DEN',b'3',360.0,146.0,b'0'
b'UA',337.0,b'PHL',b'ORD',b'3',360.0,137.0,b'0'
b'UA',376.0,b'ORD',b'PHL',b'3',360.0,125.0,b'0'
b'UA',410.0,b'SMF',b'DEN',b'3',360.0,144.0,b'0'
b'UA',468.0,b'SEA',b'SFO',b'3',360.0,130.0,b'0'
b'UA',475.0,b'CLT',b'ORD',b'3',360.0,133.0,b'1'
b'UA',494.0,b'DSM',b'ORD',b'3',360.0,80.0,b'0'
b'UA',506.0,b'SFO',b'PHX',b'3',360.0,120.0,b'0'
b'UA',510.0,b'LAS',b'SFO',b'3',360.0,95.0,b'0'
b'UA',520.0,b'MSP',b'ORD',b'3',360.0,84.0,b'0'
b'UA',532.0,b'DEN',b'ORD',b'3',360.0,141.0,b'0'
b'UA',650.0,b'BDL',b'IAD',b'3',360.0,94.0,b'0'
b'UA',668.0,b'ORD',b'LGA',b'3',360.0,127.0,b'1'
b'UA',669.0,b'LGA',b'ORD',b'3',360.0,150.0,b'0'
b'UA',705.0,b'IAD',b'ORD',b'3',360.0,131.0,b'0'
b'UA',707.0,b'ORD',b'DEN',b'3',360.0,160.0,b'0'
b'UA',736.0,b'SFO',b'LAS',b'3',360.0,98.0,b'0'
b'UA',740.0,b'OAK',b'DEN',b'3',360.0,146.0,b'0'
b'UA',90.0,b'LAX',b'SFO',b'3',360.0,89.0,b'0'
b'UA',922.0,b'ORD',b'IAD',b'3',360.0,108.0,b'0'
b'US',1050.0,b'RDU',b'CLT',b'3',360.0,57.0,b'0'
b'US',1262.0,b'MIA',b'PHL',b'3',360.0,169.0,b'0'
b'US',1267.0,b'LGA',b'PHL',b'3',360.0,57.0,b'0'
b'US',1296.0,b'STL',b'CLT',b'3',360.0,113.0,b'0'
b'US',1440.0,b'BNA',b'CLT',b'3',360.0,74.0,b'0'
b'US',1772.0,b'MHT',b'CLT',b'3',360.0,152.0,b'0'
b'US',1997.0,b'ORD',b'CLT',b'3',360.0,118.0,b'0'
b'US',2021.0,b'BOS',b'DCA',b'3',360.0,96.0,b'0'
b'US',2114.0,b'LGA',b'BOS',b'3',360.0,62.0,b'1'
b'US',2115.0,b'BOS',b'LGA',b'3',360.0,70.0,b'0'
b'US',2158.0,b'DCA',b'LGA',b'3',360.0,60.0,b'0'
b'US',2161.0,b'LGA',b'DCA',b'3',360.0,59.0,b'0'
b'US',270.0,b'IAH',b'PHX',b'3',360.0,172.0,b'0'
b'US',56.0,b'ORD',b'PHL',b'3',360.0,119.0,b'0'
b'US',578.0,b'SFO',b'PHX',b'3',360.0,111.0,b'0'
b'US',595.0,b'MCI',b'PHX',b'3',360.0,174.0,b'0'
b'US',652.0,b'IND',b'PHX',b'3',360.0,235.0,b'0'
b'US',86.0,b'OMA',b'PHX',b'3',360.0,175.0,b'1'
b'US',952.0,b'FLL',b'PHL',b'3',360.0,157.0,b'0'
b'US',985.0,b'MSY',b'CLT',b'3',360.0,108.0,b'1'
b'WN',1067.0,b'OAK',b'SAN',b'3',360.0,85.0,b'1'
b'WN',109.0,b'MSY',b'DEN',b'3',360.0,180.0,b'0'
b'WN',1289.0,b'GEG',b'SEA',b'3',360.0,70.0,b'0'
b'WN',1357.0,b'SMF',b'ONT',b'3',360.0,80.0,b'0'
b'WN',1851.0,b'ONT',b'OAK',b'3',360.0,80.0,b'1'
b'WN',1929.0,b'LAX',b'DEN',b'3',360.0,135.0,b'0'
b'WN',2529.0,b'IND',b'DEN',b'3',360.0,185.0,b'1'
b'WN',2643.0,b'SMF',b'LAX',b'3',360.0,80.0,b'1'
b'WN',2891.0,b'MDW',b'IAD',b'3',360.0,105.0,b'0'
b'WN',3061.0,b'LGA',b'MDW',b'3',360.0,150.0,b'0'
b'WN',367.0,b'MDW',b'BNA',b'3',360.0,85.0,b'1'
b'WN',3.0,b'LIT',b'DAL',b'3',360.0,70.0,b'0'
b'WN',406.0,b'SEA',b'LAS',b'3',360.0,140.0,b'1'
b'WN',425.0,b'BOS',b'MDW',b'3',360.0,175.0,b'0'
b'WN',647.0,b'PHX',b'DEN',b'3',360.0,105.0,b'1'
b'WN',702.0,b'MDW',b'LAS',b'3',360.0,245.0,b'1'
b'WN',735.0,b'IAD',b'DEN',b'3',360.0,240.0,b'0'
b'WN',748.0,b'SMF',b'DEN',b'3',360.0,145.0,b'1'
b'WN',799.0,b'LAX',b'SFO',b'3',360.0,80.0,b'0'
b'WN',944.0,b'OAK',b'ONT',b'3',360.0,75.0,b'1'
b'XE',2143.0,b'GSP',b'IAH',b'3',360.0,160.0,b'1'
b'XE',2231.0,b'JAN',b'IAH',b'3',360.0,77.0,b'1'
b'XE',2384.0,b'SHV',b'IAH',b'3',360.0,55.0,b'0'
b'XE',2485.0,b'ORF',b'IAH',b'3',360.0,201.0,b'0'
b'XE',2614.0,b'CMH',b'EWR',b'3',360.0,97.0,b'0'
b'XE',2644.0,b'GPT',b'IAH',b'3',360.0,81.0,b'1'
b'XE',2652.0,b'LEX',b'IAH',b'3',360.0,159.0,b'1'
b'XE',2745.0,b'BNA',b'EWR',b'3',360.0,127.0,b'0'
b'XE',2904.0,b'GRR',b'CLE',b'3',360.0,58.0,b'1'
b'XE',2997.0,b'MSP',b'EWR',b'3',360.0,158.0,b'1'
b'XE',3037.0,b'CHS',b'IAH',b'3',360.0,167.0,b'0'
b'XE',3047.0,b'BHM',b'IAH',b'3',360.0,116.0,b'1'
b'XE',3066.0,b'RIC',b'EWR',b'3',360.0,69.0,b'0'
b'XE',3115.0,b'PVD',b'CLE',b'3',360.0,117.0,b'0'
b'XE',5905.0,b'ABE',b'ORD',b'3',360.0,136.0,b'1'
b'XE',5924.0,b'ICT',b'ORD',b'3',360.0,110.0,b'1'
b'XE',5941.0,b'TUL',b'ORD',b'3',360.0,113.0,b'0'
b'XE',5949.0,b'BTV',b'ORD',b'3',360.0,159.0,b'0'
b'XE',5958.0,b'GRB',b'ORD',b'3',360.0,60.0,b'0'
b'XE',5983.0,b'CLE',b'IAD',b'3',360.0,75.0,b'1'
b'XE',5984.0,b'TYS',b'IAD',b'3',360.0,95.0,b'0'
b'XE',5986.0,b'FAR',b'ORD',b'3',360.0,112.0,b'1'
b'XE',5991.0,b'XNA',b'ORD',b'3',360.0,105.0,b'0'
b'XE',5992.0,b'FSD',b'ORD',b'3',360.0,96.0,b'0'
b'YV',2692.0,b'MEM',b'CLT',b'3',360.0,105.0,b'0'
b'YV',2718.0,b'MRY',b'PHX',b'3',360.0,145.0,b'0'
b'YV',2931.0,b'SAT',b'PHX',b'3',360.0,146.0,b'0'
b'YV',7218.0,b'ATL',b'IAD',b'3',360.0,100.0,b'0'
b'YV',7236.0,b'ROC',b'ORD',b'3',360.0,117.0,b'0'
b'YV',7238.0,b'ORD',b'JAX',b'3',360.0,135.0,b'0'
b'YV',7287.0,b'ORF',b'ORD',b'3',360.0,143.0,b'0'
b'B6',742.0,b'SJU',b'MCO',b'3',361.0,184.0,b'0'
b'OO',6965.0,b'AVL',b'ORD',b'3',361.0,109.0,b'0'
b'UA',664.0,b'SFO',b'ORD',b'3',361.0,249.0,b'0'
b'CO',1406.0,b'PIT',b'IAH',b'3',362.0,188.0,b'1'
b'OO',6497.0,b'BFL',b'DEN',b'3',362.0,144.0,b'0'
b'OO',6749.0,b'RAP',b'DEN',b'3',362.0,76.0,b'0'
b'OO',6829.0,b'SMF',b'SFO',b'3',362.0,48.0,b'0'
b'OO',7052.0,b'DRO',b'DEN',b'3',362.0,76.0,b'0'
b'UA',59.0,b'DEN',b'SFO',b'3',362.0,167.0,b'0'
b'UA',635.0,b'RDU',b'ORD',b'3',362.0,139.0,b'0'
b'UA',675.0,b'BUF',b'ORD',b'3',362.0,113.0,b'0'
b'XE',5902.0,b'PIA',b'ORD',b'3',362.0,63.0,b'0'
b'B6',1320.0,b'BWI',b'BOS',b'3',363.0,77.0,b'0'
b'B6',740.0,b'PSE',b'JFK',b'3',363.0,237.0,b'0'
b'DL',1943.0,b'EWR',b'ATL',b'3',363.0,156.0,b'0'
b'XE',2006.0,b'GSO',b'EWR',b'3',363.0,89.0,b'0'
b'XE',2783.0,b'TYS',b'IAH',b'3',363.0,142.0,b'0'
b'HA',205.0,b'OGG',b'HNL',b'3',364.0,33.0,b'0'
b'OO',6495.0,b'COS',b'LAX',b'3',364.0,161.0,b'0'
b'OO',6991.0,b'BHM',b'ORD',b'3',364.0,132.0,b'1'
b'UA',261.0,b'SFO',b'LAX',b'3',364.0,95.0,b'0'
b'9E',3698.0,b'PIA',b'MSP',b'3',365.0,100.0,b'0'
b'9E',3964.0,b'ALB',b'JFK',b'3',365.0,90.0,b'1'
b'9E',4227.0,b'FWA',b'CVG',b'3',365.0,52.0,b'0'
b'AA',1002.0,b'DEN',b'DFW',b'3',365.0,125.0,b'0'
b'AA',1331.0,b'MCI',b'DFW',b'3',365.0,105.0,b'0'
b'AA',1425.0,b'STL',b'ORD',b'3',365.0,75.0,b'0'
b'AA',1698.0,b'SLC',b'DFW',b'3',365.0,170.0,b'0'
b'AA',1851.0,b'DCA',b'MIA',b'3',365.0,160.0,b'1'
b'AA',1938.0,b'MSP',b'MIA',b'3',365.0,225.0,b'0'
b'AA',2127.0,b'PHL',b'MIA',b'3',365.0,175.0,b'0'
b'AA',697.0,b'FLL',b'DFW',b'3',365.0,190.0,b'0'
b'AA',705.0,b'LGA',b'DFW',b'3',365.0,250.0,b'0'
b'AS',730.0,b'ANC',b'SEA',b'3',365.0,205.0,b'0'
b'AS',73.0,b'SIT',b'JNU',b'3',365.0,42.0,b'0'
b'B6',1235.0,b'BOS',b'RDU',b'3',365.0,125.0,b'0'
b'B6',451.0,b'BOS',b'FLL',b'3',365.0,204.0,b'0'
b'CO',1093.0,b'CMH',b'IAH',b'3',365.0,168.0,b'1'
b'CO',1471.0,b'TUL',b'IAH',b'3',365.0,95.0,b'0'
b'CO',151.0,b'RDU',b'IAH',b'3',365.0,180.0,b'0'
b'CO',1831.0,b'PBI',b'IAH',b'3',365.0,163.0,b'0'
b'DL',1024.0,b'BDL',b'ATL',b'3',365.0,175.0,b'0'
b'DL',1583.0,b'RSW',b'CVG',b'3',365.0,141.0,b'0'
b'DL',1937.0,b'BWI',b'DTW',b'3',365.0,103.0,b'0'
b'DL',1982.0,b'MEM',b'ATL',b'3',365.0,85.0,b'0'
b'DL',2385.0,b'BOS',b'CVG',b'3',365.0,145.0,b'0'
b'DL',2931.0,b'LGA',b'DTW',b'3',365.0,118.0,b'0'
b'DL',2940.0,b'OAK',b'SLC',b'3',365.0,108.0,b'0'
b'EV',5343.0,b'GRR',b'ATL',b'3',365.0,130.0,b'0'
b'FL',290.0,b'HOU',b'ATL',b'3',365.0,112.0,b'0'
b'FL',461.0,b'BWI',b'ATL',b'3',365.0,126.0,b'0'
b'MQ',3074.0,b'LAX',b'RNO',b'3',365.0,90.0,b'0'
b'MQ',3366.0,b'CAE',b'DFW',b'3',365.0,185.0,b'0'
b'MQ',3391.0,b'TXK',b'DFW',b'3',365.0,60.0,b'1'
b'MQ',3894.0,b'XNA',b'ORD',b'3',365.0,100.0,b'1'
b'MQ',4015.0,b'JAX',b'ORD',b'3',365.0,160.0,b'0'
b'MQ',4077.0,b'ABE',b'ORD',b'3',365.0,140.0,b'0'
b'OH',6358.0,b'LIT',b'DTW',b'3',365.0,131.0,b'0'
b'OH',6522.0,b'PHL',b'MEM',b'3',365.0,178.0,b'0'
b'OO',3045.0,b'DSM',b'MKE',b'3',365.0,66.0,b'0'
b'OO',4794.0,b'ONT',b'SLC',b'3',365.0,104.0,b'0'
b'OO',6232.0,b'FAT',b'LAS',b'3',365.0,77.0,b'1'
b'OO',6558.0,b'RNO',b'DEN',b'3',365.0,129.0,b'0'
b'OO',6722.0,b'PSC',b'DEN',b'3',365.0,139.0,b'1'
b'OO',6750.0,b'ORD',b'ATL',b'3',365.0,124.0,b'1'
b'UA',112.0,b'ONT',b'DEN',b'3',365.0,139.0,b'0'
b'UA',524.0,b'ORD',b'BOS',b'3',365.0,139.0,b'0'
b'UA',600.0,b'ORD',b'DCA',b'3',365.0,111.0,b'0'
b'UA',634.0,b'ORD',b'EWR',b'3',365.0,125.0,b'0'
b'US',486.0,b'RNO',b'PHX',b'3',365.0,107.0,b'0'
b'WN',1136.0,b'LAS',b'LAX',b'3',365.0,65.0,b'0'
b'WN',1426.0,b'STL',b'DAL',b'3',365.0,110.0,b'1'
b'WN',1461.0,b'DEN',b'LAS',b'3',365.0,120.0,b'1'
b'WN',1481.0,b'BNA',b'DEN',b'3',365.0,185.0,b'1'
b'WN',1687.0,b'STL',b'DEN',b'3',365.0,150.0,b'1'
b'WN',1772.0,b'SFO',b'SAN',b'3',365.0,85.0,b'0'
b'WN',1824.0,b'MHT',b'BWI',b'3',365.0,110.0,b'1'
b'WN',1945.0,b'SEA',b'DEN',b'3',365.0,160.0,b'1'
b'WN',2557.0,b'STL',b'MDW',b'3',365.0,65.0,b'0'
b'WN',2885.0,b'LAS',b'DEN',b'3',365.0,115.0,b'0'
b'WN',28.0,b'BOS',b'BWI',b'3',365.0,110.0,b'0'
b'WN',317.0,b'MDW',b'DEN',b'3',365.0,170.0,b'1'
b'WN',3842.0,b'LAS',b'PHX',b'3',365.0,70.0,b'0'
b'WN',388.0,b'AUS',b'ELP',b'3',365.0,100.0,b'1'
b'WN',410.0,b'CMH',b'MDW',b'3',365.0,70.0,b'1'
b'WN',673.0,b'DAL',b'SAT',b'3',365.0,65.0,b'0'
b'XE',2528.0,b'MHT',b'CLE',b'3',365.0,119.0,b'0'
b'XE',2696.0,b'DAY',b'CLE',b'3',365.0,54.0,b'0'
b'XE',2995.0,b'IAD',b'IAH',b'3',365.0,211.0,b'0'
b'CO',689.0,b'DTW',b'IAH',b'3',366.0,185.0,b'0'
b'OO',6369.0,b'TUS',b'SFO',b'3',367.0,133.0,b'1'
b'OO',6374.0,b'PSP',b'SFO',b'3',367.0,88.0,b'0'
b'YV',7305.0,b'CLT',b'IAD',b'3',367.0,79.0,b'0'
b'9E',3683.0,b'SCE',b'DTW',b'3',370.0,90.0,b'0'
b'AA',1032.0,b'ONT',b'DFW',b'3',370.0,180.0,b'0'
b'AA',1354.0,b'LAS',b'MIA',b'3',370.0,265.0,b'0'
b'AA',1723.0,b'BWI',b'MIA',b'3',370.0,160.0,b'0'
b'AA',2410.0,b'LAX',b'DFW',b'3',370.0,185.0,b'0'
b'AA',301.0,b'LGA',b'ORD',b'3',370.0,160.0,b'0'
b'AA',398.0,b'ORD',b'LGA',b'3',370.0,120.0,b'0'
b'AA',488.0,b'SEA',b'DFW',b'3',370.0,230.0,b'1'
b'AA',532.0,b'DFW',b'RDU',b'3',370.0,145.0,b'0'
b'AA',700.0,b'DFW',b'LGA',b'3',370.0,190.0,b'1'
b'AA',817.0,b'BNA',b'DFW',b'3',370.0,130.0,b'0'
b'AS',151.0,b'ANC',b'OTZ',b'3',370.0,95.0,b'0'
b'AS',340.0,b'SEA',b'OAK',b'3',370.0,122.0,b'0'
b'AS',561.0,b'LAX',b'PDX',b'3',370.0,147.0,b'0'
b'DL',1453.0,b'LGA',b'MSP',b'3',370.0,184.0,b'0'
b'DL',1597.0,b'PHL',b'MSP',b'3',370.0,180.0,b'0'
b'DL',1661.0,b'DTW',b'ATL',b'3',370.0,136.0,b'0'
b'DL',1815.0,b'LGA',b'CVG',b'3',370.0,129.0,b'0'
b'DL',2782.0,b'MSY',b'MEM',b'3',370.0,83.0,b'1'
b'DL',2865.0,b'BUF',b'ATL',b'3',370.0,154.0,b'0'
b'DL',328.0,b'JAN',b'ATL',b'3',370.0,83.0,b'0'
b'EV',5176.0,b'VPS',b'MEM',b'3',370.0,88.0,b'0'
b'EV',5247.0,b'DCA',b'MEM',b'3',370.0,147.0,b'1'
b'EV',5612.0,b'MEI',b'ATL',b'3',370.0,68.0,b'1'
b'EV',7119.0,b'ROC',b'IAD',b'3',370.0,80.0,b'0'
b'EV',7132.0,b'CAE',b'IAD',b'3',370.0,83.0,b'0'
b'F9',453.0,b'LGA',b'MKE',b'3',370.0,135.0,b'0'
b'F9',653.0,b'ATL',b'DEN',b'3',370.0,201.0,b'1'
b'FL',411.0,b'PWM',b'BWI',b'3',370.0,102.0,b'0'
b'FL',69.0,b'IAD',b'ATL',b'3',370.0,119.0,b'0'
b'FL',989.0,b'PIT',b'ATL',b'3',370.0,120.0,b'0'
b'MQ',2743.0,b'FAY',b'DFW',b'3',370.0,195.0,b'0'
b'MQ',3612.0,b'BHM',b'MIA',b'3',370.0,115.0,b'0'
b'MQ',3685.0,b'MEM',b'MIA',b'3',370.0,145.0,b'0'
b'MQ',4076.0,b'FAR',b'ORD',b'3',370.0,130.0,b'0'
b'MQ',4117.0,b'TRI',b'ORD',b'3',370.0,110.0,b'0'
b'MQ',4152.0,b'AZO',b'ORD',b'3',370.0,60.0,b'0'
b'MQ',4414.0,b'RDU',b'JFK',b'3',370.0,95.0,b'0'
b'MQ',4419.0,b'RDU',b'DCA',b'3',370.0,65.0,b'1'
b'OH',6340.0,b'EWR',b'MEM',b'3',370.0,187.0,b'1'
b'OH',6360.0,b'MDT',b'DTW',b'3',370.0,107.0,b'0'
b'OH',6397.0,b'SYR',b'JFK',b'3',370.0,90.0,b'0'
b'OH',6405.0,b'GSO',b'ATL',b'3',370.0,93.0,b'0'
b'OH',6686.0,b'STL',b'CVG',b'3',370.0,73.0,b'0'
b'OH',6770.0,b'IND',b'DCA',b'3',370.0,100.0,b'0'
b'OO',4531.0,b'FCA',b'SLC',b'3',370.0,97.0,b'0'
b'OO',4681.0,b'EUG',b'SLC',b'3',370.0,113.0,b'0'
b'OO',4682.0,b'SJC',b'SLC',b'3',370.0,112.0,b'0'
b'OO',4713.0,b'RAP',b'SLC',b'3',370.0,104.0,b'1'
b'OO',4729.0,b'MFR',b'SLC',b'3',370.0,112.0,b'0'
b'OO',4756.0,b'MCI',b'SLC',b'3',370.0,162.0,b'1'
b'OO',6364.0,b'SBA',b'LAX',b'3',370.0,48.0,b'0'
b'OO',6465.0,b'SLC',b'LAX',b'3',370.0,120.0,b'0'
b'OO',6674.0,b'FAT',b'DEN',b'3',370.0,134.0,b'0'
b'OO',6716.0,b'CRW',b'ORD',b'3',370.0,97.0,b'0'
b'OO',6826.0,b'MRY',b'SFO',b'3',370.0,35.0,b'0'
b'OO',6850.0,b'ORD',b'MBS',b'3',370.0,60.0,b'1'
b'UA',414.0,b'ORD',b'BDL',b'3',370.0,129.0,b'0'
b'UA',732.0,b'SEA',b'ORD',b'3',370.0,242.0,b'0'
b'UA',893.0,b'BOS',b'SFO',b'3',370.0,410.0,b'0'
b'UA',966.0,b'LAX',b'IAD',b'3',370.0,292.0,b'0'
b'US',1223.0,b'SYR',b'DCA',b'3',370.0,82.0,b'0'
b'US',12.0,b'SMF',b'PHX',b'3',370.0,109.0,b'0'
b'US',1703.0,b'PVD',b'DCA',b'3',370.0,87.0,b'0'
b'US',506.0,b'BOS',b'PHX',b'3',370.0,364.0,b'0'
b'US',590.0,b'OAK',b'PHX',b'3',370.0,112.0,b'0'
b'US',641.0,b'DFW',b'PHX',b'3',370.0,157.0,b'1'
b'WN',1105.0,b'LAS',b'MDW',b'3',370.0,215.0,b'0'
b'WN',1762.0,b'OAK',b'DEN',b'3',370.0,155.0,b'0'
b'WN',3060.0,b'LAX',b'PHX',b'3',370.0,75.0,b'0'
b'WN',3684.0,b'SAT',b'DEN',b'3',370.0,145.0,b'0'
b'WN',3762.0,b'MSP',b'STL',b'3',370.0,105.0,b'1'
b'WN',379.0,b'OAK',b'SEA',b'3',370.0,125.0,b'1'
b'WN',380.0,b'SFO',b'DEN',b'3',370.0,155.0,b'0'
b'WN',682.0,b'AUS',b'DEN',b'3',370.0,140.0,b'0'
b'WN',821.0,b'OAK',b'LAX',b'3',370.0,75.0,b'0'
b'XE',2251.0,b'IND',b'EWR',b'3',370.0,114.0,b'0'
b'XE',2323.0,b'ALB',b'CLE',b'3',370.0,102.0,b'0'
b'XE',2445.0,b'BOS',b'CLE',b'3',370.0,125.0,b'0'
b'XE',2585.0,b'STL',b'EWR',b'3',370.0,137.0,b'0'
b'XE',2718.0,b'BWI',b'EWR',b'3',370.0,54.0,b'0'
b'XE',5998.0,b'ROA',b'IAD',b'3',370.0,65.0,b'1'
b'YV',2735.0,b'ELP',b'PHX',b'3',370.0,80.0,b'0'
b'YV',2933.0,b'ABQ',b'PHX',b'3',370.0,76.0,b'0'
b'OO',6759.0,b'LIT',b'ORD',b'3',371.0,115.0,b'0'
b'UA',791.0,b'LAS',b'DEN',b'3',371.0,120.0,b'0'
b'UA',894.0,b'DEN',b'LAX',b'3',371.0,159.0,b'0'
b'OO',6320.0,b'LAX',b'SAN',b'3',372.0,48.0,b'0'
b'UA',871.0,b'MCI',b'DEN',b'3',372.0,118.0,b'0'
b'XE',5950.0,b'BUF',b'IAD',b'3',372.0,74.0,b'0'
b'HA',107.0,b'KOA',b'HNL',b'3',373.0,42.0,b'0'
b'UA',243.0,b'MSP',b'DEN',b'3',373.0,139.0,b'0'
b'UA',796.0,b'RDU',b'IAD',b'3',373.0,69.0,b'0'
b'UA',812.0,b'GEG',b'DEN',b'3',373.0,133.0,b'0'
b'XE',3081.0,b'BTV',b'EWR',b'3',373.0,77.0,b'0'
b'9E',3692.0,b'FSD',b'DTW',b'3',375.0,130.0,b'1'
b'9E',3751.0,b'ROC',b'DTW',b'3',375.0,103.0,b'0'
b'9E',3815.0,b'PNS',b'MEM',b'3',375.0,91.0,b'0'
b'9E',3946.0,b'MSN',b'MEM',b'3',375.0,118.0,b'0'
b'9E',3997.0,b'MLI',b'MEM',b'3',375.0,96.0,b'0'
b'9E',4259.0,b'PLN',b'DTW',b'3',375.0,95.0,b'0'
b'9E',4388.0,b'IAD',b'DTW',b'3',375.0,108.0,b'0'
b'9E',4390.0,b'CID',b'DTW',b'3',375.0,106.0,b'0'
b'AA',2258.0,b'SAT',b'DFW',b'3',375.0,65.0,b'0'
b'B6',1249.0,b'BOS',b'IAD',b'3',375.0,100.0,b'1'
b'CO',1576.0,b'SJC',b'IAH',b'3',375.0,228.0,b'0'
b'CO',1649.0,b'FLL',b'IAH',b'3',375.0,164.0,b'0'
b'CO',223.0,b'SEA',b'IAH',b'3',375.0,245.0,b'0'
b'DL',1125.0,b'PHF',b'ATL',b'3',375.0,116.0,b'0'
b'DL',1244.0,b'HOU',b'ATL',b'3',375.0,130.0,b'0'
b'DL',1408.0,b'DEN',b'MSP',b'3',375.0,129.0,b'0'
b'DL',1432.0,b'BWI',b'MEM',b'3',375.0,147.0,b'0'
b'DL',1516.0,b'DEN',b'ATL',b'3',375.0,170.0,b'0'
b'DL',1762.0,b'BNA',b'DTW',b'3',375.0,126.0,b'0'
b'DL',1909.0,b'FNT',b'ATL',b'3',375.0,146.0,b'0'
b'DL',1999.0,b'MCI',b'MEM',b'3',375.0,88.0,b'0'
b'DL',2052.0,b'MSY',b'ATL',b'3',375.0,95.0,b'0'
b'DL',2154.0,b'LAX',b'ATL',b'3',375.0,252.0,b'1'
b'DL',2570.0,b'LAX',b'SLC',b'3',375.0,119.0,b'0'
b'DL',2578.0,b'SAN',b'SLC',b'3',375.0,120.0,b'0'
b'EV',4993.0,b'ATL',b'DTW',b'3',375.0,110.0,b'1'
b'EV',5075.0,b'MDT',b'ATL',b'3',375.0,133.0,b'0'
b'EV',5182.0,b'GNV',b'ATL',b'3',375.0,75.0,b'0'
b'EV',5364.0,b'MGM',b'MEM',b'3',375.0,76.0,b'0'
b'EV',5611.0,b'LEX',b'ATL',b'3',375.0,85.0,b'0'
b'EV',7349.0,b'OKC',b'MEM',b'3',375.0,93.0,b'0'
b'F9',103.0,b'MSP',b'DEN',b'3',375.0,131.0,b'0'
b'F9',143.0,b'HOU',b'DEN',b'3',375.0,146.0,b'0'
b'F9',192.0,b'DAY',b'DEN',b'3',375.0,189.0,b'0'
b'F9',262.0,b'STL',b'DEN',b'3',375.0,144.0,b'0'
b'F9',319.0,b'DCA',b'MKE',b'3',375.0,130.0,b'0'
b'F9',38.0,b'SEA',b'DEN',b'3',375.0,154.0,b'0'
b'F9',496.0,b'CAK',b'DEN',b'3',375.0,202.0,b'1'
b'FL',582.0,b'GRR',b'BWI',b'3',375.0,95.0,b'0'
b'FL',656.0,b'SAT',b'ATL',b'3',375.0,131.0,b'0'
b'FL',96.0,b'RDU',b'ATL',b'3',375.0,85.0,b'0'
b'MQ',2810.0,b'SHV',b'DFW',b'3',375.0,60.0,b'0'
b'MQ',3314.0,b'FWA',b'DFW',b'3',375.0,165.0,b'0'
b'MQ',3600.0,b'CHS',b'MIA',b'3',375.0,105.0,b'0'
b'MQ',4199.0,b'EVV',b'ORD',b'3',375.0,85.0,b'0'
b'MQ',4503.0,b'CMH',b'JFK',b'3',375.0,105.0,b'0'
b'MQ',4576.0,b'LGA',b'CLT',b'3',375.0,120.0,b'0'
b'MQ',4590.0,b'MSP',b'LGA',b'3',375.0,164.0,b'0'
b'MQ',4599.0,b'LGA',b'MSP',b'3',375.0,175.0,b'0'
b'OH',6566.0,b'RIC',b'JFK',b'3',375.0,85.0,b'0'
b'OH',6594.0,b'BHM',b'LGA',b'3',375.0,150.0,b'1'
b'OO',4478.0,b'ORD',b'SLC',b'3',375.0,205.0,b'1'
b'OO',4553.0,b'LAX',b'LAS',b'3',375.0,70.0,b'0'
b'OO',4654.0,b'HLN',b'SLC',b'3',375.0,69.0,b'0'
b'OO',6463.0,b'SMF',b'LAX',b'3',375.0,95.0,b'0'
b'OO',6992.0,b'DLH',b'ORD',b'3',375.0,90.0,b'0'
b'UA',33.0,b'DFW',b'DEN',b'3',375.0,136.0,b'0'
b'US',1125.0,b'BDL',b'CLT',b'3',375.0,140.0,b'0'
b'US',1433.0,b'BOS',b'CLT',b'3',375.0,152.0,b'0'
b'US',1517.0,b'BDL',b'DCA',b'3',375.0,81.0,b'1'
b'US',1626.0,b'CLT',b'LGA',b'3',375.0,100.0,b'0'
b'US',1812.0,b'PHL',b'BOS',b'3',375.0,74.0,b'0'
b'WN',1056.0,b'STL',b'LAS',b'3',375.0,235.0,b'1'
b'WN',107.0,b'MDW',b'PHL',b'3',375.0,125.0,b'0'
b'WN',1155.0,b'ONT',b'PHX',b'3',375.0,70.0,b'0'
b'WN',1199.0,b'OKC',b'HOU',b'3',375.0,85.0,b'1'
b'WN',1320.0,b'LAS',b'SEA',b'3',375.0,165.0,b'0'
b'WN',1400.0,b'DEN',b'MDW',b'3',375.0,145.0,b'0'
b'WN',1628.0,b'DAL',b'HOU',b'3',375.0,60.0,b'1'
b'WN',1636.0,b'HOU',b'DAL',b'3',375.0,60.0,b'0'
b'WN',1657.0,b'ELP',b'SAT',b'3',375.0,80.0,b'0'
b'WN',1915.0,b'BDL',b'BWI',b'3',375.0,80.0,b'1'
b'WN',2377.0,b'PIT',b'MCO',b'3',375.0,150.0,b'1'
b'WN',2706.0,b'ELP',b'AUS',b'3',375.0,85.0,b'0'
b'WN',3756.0,b'LAX',b'SMF',b'3',375.0,80.0,b'0'
b'WN',3915.0,b'AUS',b'HOU',b'3',375.0,50.0,b'1'
b'WN',532.0,b'PHX',b'MDW',b'3',375.0,200.0,b'1'
b'WN',568.0,b'BHM',b'PHX',b'3',375.0,240.0,b'1'
b'WN',685.0,b'OMA',b'STL',b'3',375.0,70.0,b'0'
b'WN',697.0,b'LBB',b'AUS',b'3',375.0,70.0,b'0'
b'WN',6.0,b'CRP',b'HOU',b'3',375.0,50.0,b'0'
b'WN',756.0,b'MDW',b'MCI',b'3',375.0,95.0,b'1'
b'WN',840.0,b'DEN',b'PHX',b'3',375.0,120.0,b'0'
b'WN',912.0,b'OAK',b'SNA',b'3',375.0,85.0,b'1'
b'XE',2046.0,b'AEX',b'IAH',b'3',375.0,62.0,b'0'
b'XE',2072.0,b'RIC',b'IAH',b'3',375.0,199.0,b'1'
b'XE',2175.0,b'BNA',b'IAH',b'3',375.0,134.0,b'0'
b'XE',2535.0,b'SDF',b'EWR',b'3',375.0,114.0,b'0'
b'XE',2853.0,b'DAY',b'EWR',b'3',375.0,108.0,b'0'
b'XE',2946.0,b'JAX',b'EWR',b'3',375.0,132.0,b'0'
b'YV',2631.0,b'EWR',b'CLT',b'3',375.0,115.0,b'0'
b'YV',2924.0,b'AUS',b'PHX',b'3',375.0,148.0,b'0'
b'HA',113.0,b'HNL',b'LIH',b'3',376.0,35.0,b'0'
b'UA',472.0,b'SMF',b'ORD',b'3',376.0,245.0,b'0'
b'OO',6314.0,b'PSP',b'LAX',b'3',377.0,47.0,b'0'
b'UA',185.0,b'PHL',b'SFO',b'3',377.0,389.0,b'0'
b'UA',671.0,b'PHX',b'SFO',b'3',377.0,138.0,b'0'
b'OO',6438.0,b'GJT',b'DEN',b'3',378.0,60.0,b'0'
b'OO',6568.0,b'SAN',b'LAX',b'3',378.0,52.0,b'0'
b'OO',7037.0,b'CPR',b'DEN',b'3',378.0,69.0,b'0'
b'UA',16.0,b'SAN',b'ORD',b'3',378.0,244.0,b'1'
b'UA',484.0,b'SAN',b'DEN',b'3',378.0,149.0,b'0'
b'OH',6621.0,b'LEX',b'DTW',b'3',379.0,86.0,b'0'
b'UA',988.0,b'DSM',b'DEN',b'3',379.0,127.0,b'0'
b'9E',3684.0,b'PIT',b'JFK',b'3',380.0,106.0,b'0'
b'9E',3779.0,b'FSM',b'MEM',b'3',380.0,67.0,b'0'
b'9E',3934.0,b'TUL',b'MEM',b'3',380.0,83.0,b'0'
b'9E',4052.0,b'DAL',b'MEM',b'3',380.0,88.0,b'0'
b'9E',4138.0,b'BUF',b'DTW',b'3',380.0,85.0,b'0'
b'AA',1096.0,b'SAN',b'ORD',b'3',380.0,250.0,b'0'
b'AA',1185.0,b'RDU',b'DFW',b'3',380.0,200.0,b'1'
b'AA',1280.0,b'SJC',b'DFW',b'3',380.0,215.0,b'0'
b'AA',1433.0,b'BDL',b'MIA',b'3',380.0,205.0,b'0'
b'AA',1434.0,b'DFW',b'MCO',b'3',380.0,145.0,b'0'
b'AA',1466.0,b'DFW',b'BOS',b'3',380.0,200.0,b'1'
b'AA',2065.0,b'MFE',b'DFW',b'3',380.0,95.0,b'0'
b'AA',2515.0,b'STL',b'MIA',b'3',380.0,160.0,b'0'
b'AA',496.0,b'ORD',b'DCA',b'3',380.0,99.0,b'0'
b'AA',689.0,b'ORF',b'DFW',b'3',380.0,220.0,b'1'
b'AA',971.0,b'ATL',b'MIA',b'3',380.0,110.0,b'0'
b'AS',477.0,b'LAX',b'SEA',b'3',380.0,165.0,b'0'
b'AS',537.0,b'ONT',b'SEA',b'3',380.0,166.0,b'0'
b'AS',658.0,b'PDX',b'SJC',b'3',380.0,108.0,b'0'
b'B6',1321.0,b'BOS',b'BWI',b'3',380.0,89.0,b'0'
b'CO',605.0,b'OKC',b'IAH',b'3',380.0,80.0,b'0'
b'DL',1212.0,b'LAX',b'MSP',b'3',380.0,220.0,b'1'
b'DL',1449.0,b'IAD',b'ATL',b'3',380.0,129.0,b'0'
b'DL',1756.0,b'SAT',b'MSP',b'3',380.0,168.0,b'0'
b'DL',1872.0,b'TPA',b'ATL',b'3',380.0,90.0,b'0'
b'DL',2346.0,b'PDX',b'ATL',b'3',380.0,279.0,b'0'
b'DL',2414.0,b'FLL',b'JFK',b'3',380.0,169.0,b'0'
b'DL',2513.0,b'MSP',b'ATL',b'3',380.0,167.0,b'1'
b'EV',4991.0,b'MYR',b'ATL',b'3',380.0,81.0,b'0'
b'EV',5428.0,b'LFT',b'MEM',b'3',380.0,83.0,b'0'
b'EV',7095.0,b'GSO',b'IAD',b'3',380.0,67.0,b'0'
b'F9',650.0,b'SFO',b'DEN',b'3',380.0,150.0,b'0'
b'F9',765.0,b'AUS',b'DEN',b'3',380.0,133.0,b'1'
b'FL',132.0,b'TPA',b'ATL',b'3',380.0,95.0,b'0'
b'FL',300.0,b'DEN',b'ATL',b'3',380.0,167.0,b'0'
b'FL',684.0,b'ICT',b'ATL',b'3',380.0,126.0,b'0'
b'FL',806.0,b'BOS',b'BWI',b'3',380.0,93.0,b'0'
b'MQ',2985.0,b'AGS',b'DFW',b'3',380.0,175.0,b'0'
b'MQ',3081.0,b'SAN',b'LAX',b'3',380.0,45.0,b'0'
b'MQ',3302.0,b'MLI',b'DFW',b'3',380.0,140.0,b'0'
b'MQ',4004.0,b'CVG',b'ORD',b'3',380.0,80.0,b'1'
b'MQ',4278.0,b'CMI',b'ORD',b'3',380.0,55.0,b'0'
b'OO',4529.0,b'OMA',b'SLC',b'3',380.0,156.0,b'1'
b'OO',4554.0,b'GTF',b'SLC',b'3',380.0,88.0,b'0'
b'OO',4638.0,b'SAN',b'LAX',b'3',380.0,49.0,b'0'
b'OO',4667.0,b'TUL',b'SLC',b'3',380.0,154.0,b'1'
b'OO',6454.0,b'MSN',b'ORD',b'3',380.0,55.0,b'0'
b'OO',6701.0,b'FAR',b'DEN',b'3',380.0,128.0,b'0'
b'OO',6832.0,b'SBA',b'SFO',b'3',380.0,88.0,b'0'
b'OO',6974.0,b'HDN',b'DEN',b'3',380.0,67.0,b'1'
b'UA',143.0,b'TPA',b'ORD',b'3',380.0,170.0,b'0'
b'UA',353.0,b'LAX',b'LAS',b'3',380.0,80.0,b'0'
b'UA',381.0,b'BDL',b'ORD',b'3',380.0,161.0,b'0'
b'UA',658.0,b'SJC',b'DEN',b'3',380.0,156.0,b'0'
b'US',1434.0,b'MIA',b'CLT',b'3',380.0,126.0,b'0'
b'US',542.0,b'SJC',b'PHX',b'3',380.0,113.0,b'0'
b'WN',1329.0,b'ONT',b'SMF',b'3',380.0,90.0,b'0'
b'WN',1472.0,b'DEN',b'LAX',b'3',380.0,155.0,b'0'
b'WN',1566.0,b'ALB',b'BWI',b'3',380.0,95.0,b'1'
b'WN',1591.0,b'PHL',b'BOS',b'3',380.0,80.0,b'0'
b'WN',220.0,b'BHM',b'HOU',b'3',380.0,115.0,b'0'
b'WN',2552.0,b'RNO',b'LAS',b'3',380.0,80.0,b'1'
b'WN',496.0,b'PDX',b'DEN',b'3',380.0,145.0,b'1'
b'WN',758.0,b'DAL',b'LIT',b'3',380.0,60.0,b'0'
b'WN',831.0,b'PHL',b'MDW',b'3',380.0,135.0,b'1'
b'WN',909.0,b'ECP',b'BWI',b'3',380.0,130.0,b'0'
b'XE',2208.0,b'MCI',b'EWR',b'3',380.0,157.0,b'0'
b'XE',2788.0,b'CVG',b'EWR',b'3',380.0,112.0,b'0'
b'YV',2934.0,b'BFL',b'PHX',b'3',380.0,92.0,b'1'
b'FL',1435.0,b'PHF',b'BOS',b'3',381.0,89.0,b'1'
b'HA',105.0,b'OGG',b'HNL',b'3',381.0,33.0,b'0'
b'UA',132.0,b'PDX',b'ORD',b'3',381.0,234.0,b'0'
b'UA',73.0,b'SAN',b'SFO',b'3',382.0,103.0,b'0'
b'DL',1241.0,b'GSP',b'ATL',b'3',383.0,63.0,b'1'
b'HA',101.0,b'ITO',b'HNL',b'3',383.0,49.0,b'0'
b'UA',91.0,b'EWR',b'SFO',b'3',383.0,393.0,b'0'
b'XE',2164.0,b'PIT',b'EWR',b'3',383.0,83.0,b'0'
b'DL',1260.0,b'GEG',b'SLC',b'3',384.0,110.0,b'1'
b'OO',6727.0,b'MTJ',b'DEN',b'3',384.0,63.0,b'0'
b'9E',3928.0,b'PIA',b'DTW',b'3',385.0,93.0,b'0'
b'AA',1361.0,b'HSV',b'DFW',b'3',385.0,135.0,b'0'
b'AA',1462.0,b'MCI',b'ORD',b'3',385.0,95.0,b'0'
b'AA',2042.0,b'DFW',b'FLL',b'3',385.0,150.0,b'0'
b'AA',404.0,b'MIA',b'MCO',b'3',385.0,60.0,b'0'
b'AA',419.0,b'BOS',b'DFW',b'3',385.0,270.0,b'0'
b'AA',509.0,b'DTW',b'DFW',b'3',385.0,185.0,b'0'
b'AA',608.0,b'SAN',b'DFW',b'3',385.0,185.0,b'0'
b'AA',810.0,b'SFO',b'ORD',b'3',385.0,255.0,b'0'
b'AS',304.0,b'SEA',b'SFO',b'3',385.0,133.0,b'0'
b'B6',110.0,b'MSY',b'JFK',b'3',385.0,163.0,b'0'
b'CO',1087.0,b'MCO',b'IAH',b'3',385.0,150.0,b'0'
b'CO',1437.0,b'TPA',b'IAH',b'3',385.0,142.0,b'1'
b'CO',625.0,b'EWR',b'CLE',b'3',385.0,100.0,b'0'
b'CO',651.0,b'AUS',b'EWR',b'3',385.0,205.0,b'0'
b'CO',724.0,b'CLE',b'EWR',b'3',385.0,83.0,b'0'
b'DL',1092.0,b'TPA',b'DTW',b'3',385.0,169.0,b'0'
b'DL',1192.0,b'SMF',b'SLC',b'3',385.0,103.0,b'0'
b'DL',1592.0,b'SAN',b'ATL',b'3',385.0,249.0,b'0'
b'DL',2163.0,b'DCA',b'MSP',b'3',385.0,173.0,b'0'
b'DL',2258.0,b'RDU',b'MSP',b'3',385.0,184.0,b'0'
b'DL',2283.0,b'CAE',b'ATL',b'3',385.0,78.0,b'1'
b'DL',2728.0,b'RNO',b'SLC',b'3',385.0,92.0,b'0'
b'DL',2938.0,b'ATL',b'DCA',b'3',385.0,94.0,b'0'
b'EV',7305.0,b'HSV',b'MEM',b'3',385.0,67.0,b'0'
b'EV',7372.0,b'GPT',b'MEM',b'3',385.0,83.0,b'1'
b'F9',71.0,b'DTW',b'DEN',b'3',385.0,189.0,b'0'
b'F9',790.0,b'PDX',b'DEN',b'3',385.0,144.0,b'1'
b'FL',431.0,b'MKE',b'ATL',b'3',385.0,129.0,b'0'
b'FL',516.0,b'CMH',b'ATL',b'3',385.0,108.0,b'0'
b'MQ',2782.0,b'LEX',b'DFW',b'3',385.0,160.0,b'1'
b'MQ',2830.0,b'PNS',b'DFW',b'3',385.0,125.0,b'0'
b'MQ',4375.0,b'DCA',b'RDU',b'3',385.0,65.0,b'0'
b'MQ',4464.0,b'LGA',b'BOS',b'3',385.0,65.0,b'0'
b'OH',6421.0,b'EWR',b'CVG',b'3',385.0,140.0,b'1'
b'OO',4489.0,b'COS',b'SLC',b'3',385.0,95.0,b'0'
b'OO',4551.0,b'RDM',b'SLC',b'3',385.0,101.0,b'1'
b'OO',4624.0,b'FAT',b'SLC',b'3',385.0,104.0,b'1'
b'OO',4645.0,b'BTM',b'SLC',b'3',385.0,73.0,b'1'
b'OO',4714.0,b'CPR',b'SLC',b'3',385.0,73.0,b'0'
b'OO',4840.0,b'BIL',b'SLC',b'3',385.0,80.0,b'0'
b'OO',6401.0,b'EUG',b'SFO',b'3',385.0,96.0,b'0'
b'OO',6547.0,b'IAH',b'ORD',b'3',385.0,151.0,b'0'
b'US',1019.0,b'PVD',b'CLT',b'3',385.0,143.0,b'0'
b'US',1656.0,b'BUF',b'CLT',b'3',385.0,116.0,b'0'
b'US',220.0,b'SAN',b'PHX',b'3',385.0,84.0,b'0'
b'US',375.0,b'JFK',b'CLT',b'3',385.0,120.0,b'0'
b'WN',1019.0,b'SFO',b'LAX',b'3',385.0,75.0,b'0'
b'WN',1093.0,b'BUF',b'BWI',b'3',385.0,90.0,b'0'
b'WN',1633.0,b'LAS',b'TUS',b'3',385.0,75.0,b'0'
b'WN',205.0,b'SAT',b'MDW',b'3',385.0,155.0,b'0'
b'WN',2102.0,b'LAS',b'SJC',b'3',385.0,85.0,b'0'
b'WN',219.0,b'SMF',b'LAS',b'3',385.0,80.0,b'0'
b'WN',264.0,b'DEN',b'STL',b'3',385.0,120.0,b'0'
b'WN',3073.0,b'PVD',b'BWI',b'3',385.0,90.0,b'1'
b'WN',370.0,b'PDX',b'SJC',b'3',385.0,105.0,b'0'
b'WN',550.0,b'PHX',b'SJC',b'3',385.0,125.0,b'0'
b'WN',579.0,b'LAX',b'OAK',b'3',385.0,80.0,b'0'
b'WN',609.0,b'ABQ',b'PHX',b'3',385.0,80.0,b'0'
b'WN',703.0,b'DAL',b'TUL',b'3',385.0,60.0,b'0'
b'WN',734.0,b'DEN',b'MCI',b'3',385.0,105.0,b'1'
b'WN',792.0,b'DTW',b'BNA',b'3',385.0,105.0,b'1'
b'WN',863.0,b'MSY',b'HOU',b'3',385.0,75.0,b'0'
b'WN',8.0,b'HRL',b'HOU',b'3',385.0,60.0,b'0'
b'XE',2094.0,b'DTW',b'EWR',b'3',385.0,97.0,b'0'
b'XE',2169.0,b'EWR',b'CMH',b'3',385.0,114.0,b'0'
b'XE',2377.0,b'DSM',b'IAH',b'3',385.0,150.0,b'0'
b'XE',2419.0,b'CLT',b'CLE',b'3',385.0,92.0,b'0'
b'XE',2563.0,b'EWR',b'STL',b'3',385.0,172.0,b'1'
b'XE',2660.0,b'XNA',b'IAH',b'3',385.0,104.0,b'1'
b'XE',2927.0,b'DCA',b'CLE',b'3',385.0,72.0,b'1'
b'XE',5973.0,b'TVC',b'ORD',b'3',385.0,79.0,b'0'
b'YV',2702.0,b'SBP',b'PHX',b'3',385.0,94.0,b'0'
b'YV',2903.0,b'SBA',b'PHX',b'3',385.0,91.0,b'0'
b'OO',6828.0,b'RNO',b'SFO',b'3',386.0,69.0,b'0'
b'XE',3067.0,b'PVD',b'EWR',b'3',386.0,64.0,b'0'
b'UA',491.0,b'OKC',b'DEN',b'3',387.0,113.0,b'0'
b'9E',3931.0,b'MBS',b'MSP',b'3',388.0,102.0,b'0'
b'FL',234.0,b'RIC',b'ATL',b'3',388.0,107.0,b'0'
b'OO',6517.0,b'TUS',b'LAX',b'3',388.0,95.0,b'0'
b'OO',6933.0,b'ORD',b'LAN',b'3',388.0,49.0,b'0'
b'XE',2821.0,b'ORF',b'CLE',b'3',388.0,107.0,b'1'
b'XE',2921.0,b'GRR',b'IAH',b'3',388.0,182.0,b'0'
b'OO',6243.0,b'SAT',b'LAX',b'3',389.0,201.0,b'0'
b'OO',6564.0,b'COS',b'DEN',b'3',389.0,49.0,b'0'
b'XE',2183.0,b'EWR',b'IND',b'3',389.0,139.0,b'0'
b'XE',2437.0,b'EWR',b'RDU',b'3',389.0,104.0,b'0'
b'XE',2549.0,b'EWR',b'CVG',b'3',389.0,131.0,b'0'
b'9E',3669.0,b'SGF',b'MEM',b'3',390.0,75.0,b'1'
b'9E',3778.0,b'COU',b'MEM',b'3',390.0,82.0,b'0'
b'9E',3890.0,b'DLH',b'DTW',b'3',390.0,112.0,b'0'
b'9E',3970.0,b'BHM',b'MEM',b'3',390.0,68.0,b'0'
b'9E',3974.0,b'TVC',b'DTW',b'3',390.0,82.0,b'0'
b'9E',4001.0,b'ORD',b'MEM',b'3',390.0,115.0,b'1'
b'9E',4014.0,b'IND',b'DTW',b'3',390.0,80.0,b'0'
b'9E',4117.0,b'ROC',b'ATL',b'3',390.0,145.0,b'1'
b'9E',4211.0,b'STL',b'MEM',b'3',390.0,75.0,b'0'
b'9E',4251.0,b'RDU',b'CVG',b'3',390.0,100.0,b'0'
b'AA',1083.0,b'IAD',b'DFW',b'3',390.0,210.0,b'0'
b'AA',1182.0,b'LAX',b'AUS',b'3',390.0,175.0,b'0'
b'AA',1637.0,b'MCO',b'ORD',b'3',390.0,185.0,b'0'
b'AA',201.0,b'JFK',b'LAX',b'3',390.0,385.0,b'0'
b'AA',2401.0,b'DFW',b'LAX',b'3',390.0,205.0,b'0'